,index,arkouda_function,num_np_calls,np_calls,np_calls_w_args
0,415,/pdarraycreation.py_from_series,12,"['bool', 'float64', 'int64', 'str', 'random.randint', 'int64', 'random.uniform', 'float64', 'random.choice', 'bool', 'str', 'datetime64']","['random.randint(0,10,5)))', 'random.uniform(low=0.0,high=1.0,size=3)))', 'random.choice([True, False],size=5)))', ""datetime64('2018-01-01')])))""]"
1,167,/strings.py__comp_to_ndarray,9,"['ndarray', 'ndarray', 'dtype', 'dtype', 'int64', 'dtype', 'uint8', 'frombuffer', 'frombuffer']","['dtype(np.int64) if comp == ""offsets"" else np.dtype(np.uint8)', 'frombuffer(rep_msg.encode(""utf_8""), dt).copy()', 'frombuffer(rep_msg, dt).copy()']"
2,165,/strings.py_to_ndarray,8,"['ndarray', 'ndarray', 'ndarray', 'hstack', 'array', 'diff', 'empty', 'str_']","['hstack((self._comp_to_ndarray(""offsets""), np.array([self.nbytes])))', 'diff(npoffsets)', 'empty(self.size, dtype=dt)', 'str_(codecs.decode(b"""".join(npvalues[o : o + l])))']"
3,835,/dtypes.py_resolve_scalar_dtype,7,"['bool_', 'uint', 'uint64', 'float_', 'float_', 'str_', 'dtype']",[]
4,1006,/akscipy/special/_math.py_xlogy,7,"['float64', 'float64', 'float64', 'can_cast', 'float64', 'float64', 'float64']","['can_cast(x, np.float64)', 'float64(x)']"
5,1109,/array_api/_array_object.py__normalize_two_args,5,"['array', 'float32', 'array', 'float64', 'add']","['array([1.0], dtype=np.float32)', 'array(1.0, dtype=np.float64)', 'add(a, b)']"
6,695,/pdarrayclass.py_to_ndarray,5,"['ndarray', 'ndarray', 'ndarray', 'frombuffer', 'frombuffer']","['frombuffer(data, dt).copy()', 'frombuffer(data, dt)']"
7,818,/plotting.py_hist_all,5,"['random.randn', 'random.randn', 'random.randn', 'random.randn', 'linspace']","['random.randn(100))', 'random.randn(100))', 'random.randn(100))', 'random.randn(100))', 'linspace(x.min(), x.max(), num_bins + 1)']"
8,717,/pdarrayclass.py_argmin,4,"['int64', 'uint64', 'int64', 'uint64']",[]
9,718,/pdarrayclass.py_argmax,4,"['int64', 'uint64', 'int64', 'uint64']",[]
10,817,/plotting.py_plot_dist,4,"['ndarray', 'ndarray', 'cumsum', 'sum']","['cumsum(h) / np.sum(h), marker=None, linestyle=""solid"")']"
11,0,/series.py_is_supported_scalar,4,"['int64', 'float64', 'bool_', 'str_']",[]
12,814,/timeclass.py_is_registered,3,"['bool_', 'bool_', 'bool_']","['bool_(is_registered(self.values.name, as_component=True))', 'bool_(is_registered(self.registered_name))']"
13,746,/timeclass.py___init__,3,"['datetime64', 'timedelta64', 'datetime_data']",['datetime_data(scalar.dtype)']
14,797,/timeclass.py_is_registered,3,"['bool_', 'bool_', 'bool_']","['bool_(is_registered(self.values.name, as_component=True))', 'bool_(is_registered(self.registered_name))']"
15,714,/pdarrayclass.py_prod,3,"['float64', 'float64', 'int64']",[]
16,100,/categorical.py_is_registered,3,"['bool_', 'bool_', 'bool_']","['bool_(result)', 'bool_(is_registered(self.registered_name))']"
17,70,/categorical.py_to_ndarray,3,"['ndarray', 'ndarray', 'ndarray']",[]
18,664,/pdarrayclass.py_is_registered,3,"['bool_', 'bool_', 'bool_']","['bool_(is_registered(self.name, as_component=True))', 'bool_(is_registered(self.registered_name))']"
19,736,/pdarrayclass.py_skew,3,"['float64', 'float64', 'sqrt']",['sqrt((n - 1) * n) / (n - 2)']
20,425,/pdarraycreation.py_arange,3,"['dtype', 'int64', 'uint64']",[]
21,670,/pdarrayclass.py_prod,3,"['float64', 'float64', 'int64.']",[]
22,207,/array_view.py_to_ndarray,3,"['ndarray', 'ndarray', 'ndarray']",[]
23,179,/strings.py_is_registered,3,"['bool_', 'bool_', 'bool_']","['bool_(is_registered(self.name, as_component=True))', 'bool_(is_registered(self.registered_name))']"
24,761,/timeclass.py__is_datetime_scalar,2,"['datetime64', 'isscalar']",['isscalar(scalar))']
25,762,/timeclass.py__is_timedelta_scalar,2,"['timedelta64', 'isscalar']",['isscalar(scalar))']
26,674,/pdarrayclass.py_argmax,2,"['int64', 'uint64']",[]
27,676,/pdarrayclass.py_var,2,"['float64', 'float64']",[]
28,677,/pdarrayclass.py_std,2,"['float64', 'float64']",[]
29,678,/pdarrayclass.py_cov,2,"['float64', 'float64']",[]
30,679,/pdarrayclass.py_corr,2,"['float64', 'float64']",[]
31,713,/pdarrayclass.py_sum,2,"['float64', 'float64']",[]
32,719,/pdarrayclass.py_mean,2,"['float64', 'float64']",[]
33,834,/dtypes.py_translate_np_dtype,2,"['dtype', 'dtype']",[]
34,747,/timeclass.py___init__,2,"['datetime_data', 'ndarray']",['datetime_data(pda.values.dtype)']
35,721,/pdarrayclass.py_std,2,"['float64', 'float64']",[]
36,722,/pdarrayclass.py_cov,2,"['float64', 'float64']",[]
37,1100,/array_api/_data_type_functions.py_result_type,2,"['result_type', 'ndarray']",[]
38,832,/dtypes.py__as_dtype,2,"['dtype', 'dtype']",[]
39,723,/pdarrayclass.py_corr,2,"['float64', 'float64']",[]
40,963,/segarray.py_to_ndarray,2,"['ndarray', 'array']","['array(arr, dtype=object)']"
41,941,/segarray.py_from_multi_array,2,"['array', 'cumsum']","['array([mi.size for mi in m])', 'cumsum(sizes)']"
42,833,/dtypes.py_check_np_dtype,2,"['dtype', 'dtype']",[]
43,720,/pdarrayclass.py_var,2,"['float64', 'float64']",[]
44,1108,/array_api/_array_object.py__promote_scalar,2,"['iinfo', 'array']","['iinfo(int)', 'array(scalar, self.dtype))']"
45,523,/numeric.py_log,2,"['log', 'log']","['log(10)', 'log(2)']"
46,609,/pdarrayclass.py_format_other,2,"['dtype', 'array']",['array([other]).astype(self.dtype)']
47,221,/message.py__is_supported_value,2,"['str_', 'bool_']",[]
48,344,/alignment.py_find,2,"['array', 'array']","['array([ai.dtype for ai in query])', 'array([bi.dtype for bi in space])']"
49,426,/pdarraycreation.py_linspace,2,"['int64', 'float64']",[]
50,509,/join.py_join_on_eq_with_dt,2,"['int64', 'int64']",[]
51,546,/numeric.py_rad2deg,2,"['pi', 'pi']",[]
52,547,/numeric.py_deg2rad,2,"['pi', 'pi']",[]
53,598,/groupbyclass.py_broadcast,2,"['int64', 'uint64']",[]
54,673,/pdarrayclass.py_argmin,2,"['int64', 'uint64']",[]
55,659,/pdarrayclass.py___getitem__,2,"['isscalar', 'isscalar']","['isscalar(key) and (resolve_scalar_dtype(key) in [""int64"", ""uint64""])', 'isscalar(k) and (resolve_scalar_dtype(k) in [""int64"", ""uint64""])']"
56,601,/pdarrayclass.py___init__,1,['dtype'],[]
57,419,/pdarraycreation.py_ones,1,['dtype'],[]
58,168,/strings.py_astype,1,['dtype'],[]
59,203,/array_view.py___repr__,1,['get_printoptions'],['get_printoptions()']
60,204,/array_view.py___str__,1,['get_printoptions'],['get_printoptions()']
61,205,/array_view.py___getitem__,1,['isscalar'],"['isscalar(x) and (resolve_scalar_dtype(x) in [""int64"", ""uint64""])']"
62,668,/pdarrayclass.py_is_sorted,1,['bool_'],[]
63,660,/pdarrayclass.py___setitem__,1,['isscalar'],"['isscalar(key) and (resolve_scalar_dtype(key) in [""int64"", ""uint64""])']"
64,752,/timeclass.py_to_ndarray,1,['array'],[]
65,354,/client_dtypes.py_to_ndarray,1,['array'],['array([self.format(x) for x in self.values.to_ndarray()])']
66,381,/client_dtypes.py_to_ndarray,1,['array'],['array([self.format(x) for x in self.values.to_ndarray()])']
67,738,/pdarrayclass.py_fmod,1,['fmod'],[]
68,737,/pdarrayclass.py_mod,1,['mod'],[]
69,1199,/array_api/_manipulation_functions.py_squeeze,1,['squeeze'],[]
70,418,/pdarraycreation.py_zeros,1,['dtype'],[]
71,420,/pdarraycreation.py_full,1,['dtype'],[]
72,691,/pdarrayclass.py_astype,1,['dtype'],[]
73,484,/index.py_to_ndarray,1,['array'],['array([convert_if_categorical(val).to_ndarray() for val in self.values])']
74,644,/pdarrayclass.py___invert__,1,['uint'],"['uint(0), ""^"")']"
75,513,/numeric.py_cast,1,['dtype'],[]
76,662,/pdarrayclass.py_any,1,['bool_'],[]
77,675,/pdarrayclass.py_mean,1,['float64'],[]
78,1194,/array_api/_manipulation_functions.py_expand_dims,1,['expand_dims'],[]
79,1195,/array_api/_manipulation_functions.py_flip,1,['flip'],[]
80,611,/pdarrayclass.py__r_binop,1,['can_cast'],"['can_cast(other, self.dtype)']"
81,610,/pdarrayclass.py__binop,1,['can_cast'],"['can_cast(other, self.dtype)']"
82,712,/pdarrayclass.py_is_sorted,1,['bool_'],[]
83,711,/pdarrayclass.py_all,1,['bool_'],[]
84,710,/pdarrayclass.py_any,1,['bool_'],[]
85,1196,/array_api/_manipulation_functions.py_permute_dims,1,['transpose'],[]
86,663,/pdarrayclass.py_all,1,['bool_'],[]
87,822,/dtypes.py_dtype,1,['dtype'],['dtype(x)']
88,1191,/array_api/_manipulation_functions.py_broadcast_arrays,1,['broadcast_arrays'],[]
89,1059,/array_api/_elementwise_functions.py_not_equal,1,['not_equal'],[]
90,1045,/array_api/_elementwise_functions.py_isnan,1,['isnan'],[]
91,1046,/array_api/_elementwise_functions.py_less,1,['less'],[]
92,1047,/array_api/_elementwise_functions.py_less_equal,1,['less_equal'],[]
93,1048,/array_api/_elementwise_functions.py_log,1,['log'],[]
94,1049,/array_api/_elementwise_functions.py_log1p,1,['log1p'],[]
95,1050,/array_api/_elementwise_functions.py_log2,1,['log2'],[]
96,1051,/array_api/_elementwise_functions.py_log10,1,['log10'],[]
97,1052,/array_api/_elementwise_functions.py_logaddexp,1,['logaddexp'],[]
98,1053,/array_api/_elementwise_functions.py_logical_and,1,['logical_and'],[]
99,1054,/array_api/_elementwise_functions.py_logical_not,1,['logical_not'],[]
100,1055,/array_api/_elementwise_functions.py_logical_or,1,['logical_or'],[]
101,1056,/array_api/_elementwise_functions.py_logical_xor,1,['logical_xor'],[]
102,1057,/array_api/_elementwise_functions.py_multiply,1,['multiply'],[]
103,1058,/array_api/_elementwise_functions.py_negative,1,['negative'],[]
104,1060,/array_api/_elementwise_functions.py_positive,1,['positive'],[]
105,1180,/array_api/_searching_functions.py_where,1,['where'],[]
106,1061,/array_api/_elementwise_functions.py_pow,1,['power'],[]
107,1062,/array_api/_elementwise_functions.py_real,1,['real'],[]
108,1063,/array_api/_elementwise_functions.py_remainder,1,['remainder'],[]
109,1064,/array_api/_elementwise_functions.py_round,1,['round'],[]
110,1065,/array_api/_elementwise_functions.py_sign,1,['sign'],[]
111,1066,/array_api/_elementwise_functions.py_sin,1,['sin'],[]
112,1067,/array_api/_elementwise_functions.py_sinh,1,['sinh'],[]
113,1068,/array_api/_elementwise_functions.py_square,1,['square'],[]
114,1069,/array_api/_elementwise_functions.py_sqrt,1,['sqrt'],[]
115,1070,/array_api/_elementwise_functions.py_subtract,1,['subtract'],[]
116,1071,/array_api/_elementwise_functions.py_tan,1,['tan'],[]
117,1072,/array_api/_elementwise_functions.py_tanh,1,['tanh'],[]
118,1073,/array_api/_elementwise_functions.py_trunc,1,['trunc'],[]
119,1098,/array_api/_data_type_functions.py_can_cast,1,['can_cast'],[]
120,1044,/array_api/_elementwise_functions.py_isinf,1,['isinf'],[]
121,1043,/array_api/_elementwise_functions.py_isfinite,1,['isfinite'],[]
122,1042,/array_api/_elementwise_functions.py_imag,1,['imag'],[]
123,1041,/array_api/_elementwise_functions.py_greater_equal,1,['greater_equal'],[]
124,1179,/array_api/_searching_functions.py_nonzero,1,['nonzero'],[]
125,836,/dtypes.py_get_byteorder,1,['dtype'],[]
126,1178,/array_api/_searching_functions.py_argmin,1,['argmin'],[]
127,851,/dataframe.py___init__,1,['ndarray'],[]
128,892,/dataframe.py_GroupBy,1,['nan'],[]
129,912,/dataframe.py_groupby,1,['nan'],[]
130,1177,/array_api/_searching_functions.py_argmax,1,['argmax'],[]
131,1010,/array_api/_set_functions.py_unique_values,1,['unique'],[]
132,1011,/array_api/_indexing_functions.py_take,1,['take'],[]
133,1016,/array_api/_elementwise_functions.py_acos,1,['arccos'],[]
134,1018,/array_api/_elementwise_functions.py_add,1,['add'],[]
135,1021,/array_api/_elementwise_functions.py_atan,1,['arctan'],[]
136,1024,/array_api/_elementwise_functions.py_bitwise_and,1,['bitwise_and'],[]
137,1025,/array_api/_elementwise_functions.py_bitwise_left_shift,1,['left_shift'],[]
138,1026,/array_api/_elementwise_functions.py_bitwise_invert,1,['invert'],[]
139,1027,/array_api/_elementwise_functions.py_bitwise_or,1,['bitwise_or'],[]
140,1028,/array_api/_elementwise_functions.py_bitwise_right_shift,1,['right_shift'],[]
141,1029,/array_api/_elementwise_functions.py_bitwise_xor,1,['bitwise_xor'],[]
142,1030,/array_api/_elementwise_functions.py_ceil,1,['ceil'],[]
143,1031,/array_api/_elementwise_functions.py_conj,1,['conj'],[]
144,1032,/array_api/_elementwise_functions.py_cos,1,['cos'],[]
145,1033,/array_api/_elementwise_functions.py_cosh,1,['cosh'],[]
146,1034,/array_api/_elementwise_functions.py_divide,1,['divide'],[]
147,1035,/array_api/_elementwise_functions.py_equal,1,['equal'],[]
148,1036,/array_api/_elementwise_functions.py_exp,1,['exp'],[]
149,1037,/array_api/_elementwise_functions.py_expm1,1,['expm1'],[]
150,1038,/array_api/_elementwise_functions.py_floor,1,['floor'],[]
151,1039,/array_api/_elementwise_functions.py_floor_divide,1,['floor_divide'],[]
152,1040,/array_api/_elementwise_functions.py_greater,1,['greater'],[]
153,848,/dataframe.py___init__,1,['nan'],[]
154,1200,/array_api/_manipulation_functions.py_stack,1,['stack'],[]
155,20,/series.py_locate,1,['array'],['array(key).T.copy()']
156,80,/categorical.py___getitem__,1,['isscalar'],"['isscalar(key) and (resolve_scalar_dtype(key) in [""int64"", ""uint64""])']"
157,76,/categorical.py__binop,1,['isscalar'],['isscalar(other) and resolve_scalar_dtype(other)']
158,119,/strings.py___getitem__,1,['isscalar'],"['isscalar(key) and (resolve_scalar_dtype(key) in [""int64"", ""uint64""])']"
159,37,/series.py_diff,1,['nan'],[]
160,847,/dataframe.py_broadcast,0,[],[]
161,77,/categorical.py__r_binop,0,[],[]
162,846,/dataframe.py_diff,0,[],[]
163,856,/dataframe.py___setitem__,0,[],[]
164,850,/dataframe.py_aggop,0,[],[]
165,845,/dataframe.py__return_agg_dataframe,0,[],[]
166,844,/dataframe.py__return_agg_series,0,[],[]
167,852,/dataframe.py___getattr__,0,[],[]
168,853,/dataframe.py___dir__,0,[],[]
169,854,/dataframe.py___delitem__,0,[],[]
170,855,/dataframe.py___getitem__,0,[],[]
171,849,/dataframe.py__make_aggop,0,[],[]
172,857,/dataframe.py___len__,0,[],[]
173,842,/dataframe.py_count,0,[],[]
174,858,/dataframe.py__ncols,0,[],[]
175,859,/dataframe.py___str__,0,[],[]
176,860,/dataframe.py__get_head_tail,0,[],[]
177,861,/dataframe.py__get_head_tail_server,0,[],[]
178,862,/dataframe.py_transfer,0,[],[]
179,863,/dataframe.py__shape_str,0,[],[]
180,864,/dataframe.py___repr__,0,[],[]
181,865,/dataframe.py__repr_html_,0,[],[]
182,866,/dataframe.py__ipython_key_completions_,0,[],[]
183,867,/dataframe.py_from_pandas,0,[],[]
184,868,/dataframe.py__drop_column,0,[],[]
185,869,/dataframe.py__drop_row,0,[],[]
186,870,/dataframe.py_drop,0,[],[]
187,871,/dataframe.py_drop_duplicates,0,[],[]
188,843,/dataframe.py_size,0,[],[]
189,840,/dataframe.py__make_aggop,0,[],[]
190,841,/dataframe.py_aggop,0,[],[]
191,824,/dtypes.py___str__,0,[],[]
192,811,/timeclass.py_abs,0,[],[]
193,812,/timeclass.py_register,0,[],[]
194,813,/timeclass.py_unregister,0,[],[]
195,86,/categorical.py_in1d,0,[],[]
196,815,/timeclass.py_date_range,0,[],[]
197,816,/timeclass.py_timedelta_range,0,[],[]
198,85,/categorical.py_endswith,0,[],[]
199,84,/categorical.py_startswith,0,[],[]
200,819,/sorting.py_argsort,0,[],[]
201,820,/sorting.py_coargsort,0,[],[]
202,821,/sorting.py_sort,0,[],[]
203,83,/categorical.py_contains,0,[],[]
204,823,/dtypes.py___init__,0,[],[]
205,825,/dtypes.py___repr__,0,[],[]
206,873,/dataframe.py_dtypes,0,[],[]
207,826,/dtypes.py_type,0,[],[]
208,827,/dtypes.py___str__,0,[],[]
209,828,/dtypes.py___repr__,0,[],[]
210,829,/dtypes.py_isSupportedInt,0,[],[]
211,830,/dtypes.py_isSupportedFloat,0,[],[]
212,831,/dtypes.py_isSupportedNumber,0,[],[]
213,82,/categorical.py_reset_categories,0,[],[]
214,81,/categorical.py_isna,0,[],[]
215,79,/categorical.py___ne__,0,[],[]
216,78,/categorical.py___eq__,0,[],[]
217,837,/dtypes.py_get_server_byteorder,0,[],[]
218,838,/dataframe.py_groupby_operators,0,[],[]
219,839,/dataframe.py___init__,0,[],[]
220,872,/dataframe.py_size,0,[],[]
221,155,/strings.py_rpeel,0,[],[]
222,810,/timeclass.py_sum,0,[],[]
223,875,/dataframe.py_ndim,0,[],[]
224,908,/dataframe.py_sort_values,0,[],[]
225,909,/dataframe.py_apply_permutation,0,[],[]
226,910,/dataframe.py_filter_by_range,0,[],[]
227,911,/dataframe.py_copy,0,[],[]
228,74,/categorical.py___str__,0,[],[]
229,913,/dataframe.py_isin,0,[],[]
230,914,/dataframe.py_corr,0,[],[]
231,915,/dataframe.py_numeric_help,0,[],[]
232,916,/dataframe.py_merge,0,[],[]
233,917,/dataframe.py_register,0,[],[]
234,918,/dataframe.py_unregister,0,[],[]
235,919,/dataframe.py_is_registered,0,[],[]
236,920,/dataframe.py_attach,0,[],[]
237,921,/dataframe.py_unregister_dataframe_by_name,0,[],[]
238,922,/dataframe.py__parse_col_name,0,[],[]
239,923,/dataframe.py_from_return_msg,0,[],[]
240,924,/dataframe.py_intx,0,[],[]
241,925,/dataframe.py_intersect,0,[],[]
242,926,/dataframe.py_invert_permutation,0,[],[]
243,927,/dataframe.py__inner_join_merge,0,[],[]
244,928,/dataframe.py__right_join_merge,0,[],[]
245,929,/dataframe.py_merge,0,[],[]
246,930,/security.py_generate_token,0,[],[]
247,931,/security.py_get_home_directory,0,[],[]
248,932,/security.py_get_arkouda_client_directory,0,[],[]
249,933,/security.py_get_username,0,[],[]
250,934,/security.py_generate_username_token_json,0,[],[]
251,935,/segarray.py__aggregator,0,[],[]
252,936,/segarray.py_update_doc,0,[],[]
253,907,/dataframe.py_sort_index,0,[],[]
254,906,/dataframe.py__reindex,0,[],[]
255,905,/dataframe.py_coargsort,0,[],[]
256,889,/dataframe.py_head,0,[],[]
257,876,/dataframe.py_shape,0,[],[]
258,877,/dataframe.py_columns,0,[],[]
259,878,/dataframe.py_index,0,[],[]
260,879,/dataframe.py__set_index,0,[],[]
261,880,/dataframe.py_reset_index,0,[],[]
262,881,/dataframe.py_info,0,[],[]
263,882,/dataframe.py_update_nrows,0,[],[]
264,883,/dataframe.py__rename_column,0,[],[]
265,884,/dataframe.py__rename_index,0,[],[]
266,885,/dataframe.py_rename,0,[],[]
267,886,/dataframe.py_append,0,[],[]
268,887,/dataframe.py__get_sample_object,0,[],[]
269,888,/dataframe.py_concat,0,[],[]
270,890,/dataframe.py_tail,0,[],[]
271,904,/dataframe.py_argsort,0,[],[]
272,891,/dataframe.py_sample,0,[],[]
273,75,/categorical.py___repr__,0,[],[]
274,893,/dataframe.py_memory_usage,0,[],[]
275,894,/dataframe.py_to_pandas,0,[],[]
276,895,/dataframe.py__prep_data,0,[],[]
277,896,/dataframe.py_to_hdf,0,[],[]
278,897,/dataframe.py__to_hdf_snapshot,0,[],[]
279,898,/dataframe.py_update_hdf,0,[],[]
280,899,/dataframe.py_to_parquet,0,[],[]
281,900,/dataframe.py_to_csv,0,[],[]
282,901,/dataframe.py_read_csv,0,[],[]
283,902,/dataframe.py_save,0,[],[]
284,903,/dataframe.py_load,0,[],[]
285,874,/dataframe.py_empty,0,[],[]
286,809,/timeclass.py_std,0,[],[]
287,938,/segarray.py___init__,0,[],[]
288,106,/categorical.py_unregister_categorical_by_name,0,[],[]
289,104,/categorical.py_pretty_print_info,0,[],[]
290,715,/pdarrayclass.py_min,0,[],[]
291,716,/pdarrayclass.py_max,0,[],[]
292,103,/categorical.py_info,0,[],[]
293,102,/categorical.py__list_component_names,0,[],[]
294,101,/categorical.py__get_components_dict,0,[],[]
295,99,/categorical.py_unregister,0,[],[]
296,98,/categorical.py_register,0,[],[]
297,97,/categorical.py_save,0,[],[]
298,96,/categorical.py_to_parquet,0,[],[]
299,724,/pdarrayclass.py_divmod,0,[],[]
300,725,/pdarrayclass.py_mink,0,[],[]
301,726,/pdarrayclass.py_maxk,0,[],[]
302,727,/pdarrayclass.py_argmink,0,[],[]
303,728,/pdarrayclass.py_argmaxk,0,[],[]
304,729,/pdarrayclass.py_popcount,0,[],[]
305,730,/pdarrayclass.py_clz,0,[],[]
306,731,/pdarrayclass.py_ctz,0,[],[]
307,732,/pdarrayclass.py_rotl,0,[],[]
308,733,/pdarrayclass.py_rotr,0,[],[]
309,734,/pdarrayclass.py_power,0,[],[]
310,735,/pdarrayclass.py_sqrt,0,[],[]
311,95,/categorical.py_update_hdf,0,[],[]
312,94,/categorical.py_to_hdf,0,[],[]
313,93,/categorical.py_concatenate,0,[],[]
314,739,/pdarrayclass.py_broadcast_if_needed,0,[],[]
315,740,/pdarrayclass.py_broadcast_to_shape,0,[],[]
316,741,/pdarrayclass.py_attach_pdarray,0,[],[]
317,742,/pdarrayclass.py_attach,0,[],[]
318,105,/categorical.py_attach,0,[],[]
319,107,/categorical.py_parse_hdf_categoricals,0,[],[]
320,808,/timeclass.py_to_pandas,0,[],[]
321,108,/categorical.py_transfer,0,[],[]
322,681,/pdarrayclass.py_maxk,0,[],[]
323,682,/pdarrayclass.py_argmink,0,[],[]
324,683,/pdarrayclass.py_argmaxk,0,[],[]
325,684,/pdarrayclass.py_popcount,0,[],[]
326,685,/pdarrayclass.py_parity,0,[],[]
327,686,/pdarrayclass.py_clz,0,[],[]
328,687,/pdarrayclass.py_ctz,0,[],[]
329,688,/pdarrayclass.py_rotl,0,[],[]
330,689,/pdarrayclass.py_rotr,0,[],[]
331,690,/pdarrayclass.py_value_counts,0,[],[]
332,110,/strings.py_from_parts,0,[],[]
333,692,/pdarrayclass.py_slice_bits,0,[],[]
334,693,/pdarrayclass.py_bigint_to_uint_arrays,0,[],[]
335,694,/pdarrayclass.py_reshape,0,[],[]
336,109,/strings.py_from_return_msg,0,[],[]
337,696,/pdarrayclass.py_to_list,0,[],[]
338,697,/pdarrayclass.py_to_cuda,0,[],[]
339,698,/pdarrayclass.py_to_parquet,0,[],[]
340,699,/pdarrayclass.py_to_hdf,0,[],[]
341,700,/pdarrayclass.py_update_hdf,0,[],[]
342,701,/pdarrayclass.py_to_csv,0,[],[]
343,702,/pdarrayclass.py_save,0,[],[]
344,703,/pdarrayclass.py_register,0,[],[]
345,704,/pdarrayclass.py_unregister,0,[],[]
346,705,/pdarrayclass.py_attach,0,[],[]
347,706,/pdarrayclass.py__float_to_uint,0,[],[]
348,707,/pdarrayclass.py__get_grouping_keys,0,[],[]
349,708,/pdarrayclass.py_create_pdarray,0,[],[]
350,709,/pdarrayclass.py_clear,0,[],[]
351,743,/pdarrayclass.py_unregister_pdarray_by_name,0,[],[]
352,744,/timeclass.py__get_factor,0,[],[]
353,745,/timeclass.py__identity,0,[],[]
354,92,/categorical.py_sort,0,[],[]
355,779,/timeclass.py_year,0,[],[]
356,780,/timeclass.py_day_of_year,0,[],[]
357,781,/timeclass.py_dayofyear,0,[],[]
358,782,/timeclass.py_day_of_week,0,[],[]
359,783,/timeclass.py_dayofweek,0,[],[]
360,784,/timeclass.py_weekday,0,[],[]
361,785,/timeclass.py_week,0,[],[]
362,786,/timeclass.py_weekofyear,0,[],[]
363,787,/timeclass.py_date,0,[],[]
364,788,/timeclass.py_is_leap_year,0,[],[]
365,789,/timeclass.py_isocalendar,0,[],[]
366,790,/timeclass.py__get_callback,0,[],[]
367,791,/timeclass.py__scalar_callback,0,[],[]
368,792,/timeclass.py__is_supported_scalar,0,[],[]
369,793,/timeclass.py_to_pandas,0,[],[]
370,794,/timeclass.py_sum,0,[],[]
371,795,/timeclass.py_register,0,[],[]
372,796,/timeclass.py_unregister,0,[],[]
373,87,/categorical.py_unique,0,[],[]
374,798,/timeclass.py__ensure_components,0,[],[]
375,799,/timeclass.py_nanoseconds,0,[],[]
376,800,/timeclass.py_microseconds,0,[],[]
377,801,/timeclass.py_seconds,0,[],[]
378,802,/timeclass.py_days,0,[],[]
379,803,/timeclass.py_total_seconds,0,[],[]
380,804,/timeclass.py_components,0,[],[]
381,805,/timeclass.py__get_callback,0,[],[]
382,806,/timeclass.py__scalar_callback,0,[],[]
383,807,/timeclass.py__is_supported_scalar,0,[],[]
384,778,/timeclass.py_month,0,[],[]
385,777,/timeclass.py_day,0,[],[]
386,776,/timeclass.py_hour,0,[],[]
387,760,/timeclass.py_opeq,0,[],[]
388,91,/categorical.py_argsort,0,[],[]
389,748,/timeclass.py__get_callback,0,[],[]
390,749,/timeclass.py_floor,0,[],[]
391,750,/timeclass.py_ceil,0,[],[]
392,751,/timeclass.py_round,0,[],[]
393,90,/categorical.py__get_grouping_keys,0,[],[]
394,753,/timeclass.py_to_list,0,[],[]
395,754,/timeclass.py_to_hdf,0,[],[]
396,755,/timeclass.py_update_hdf,0,[],[]
397,756,/timeclass.py___str__,0,[],[]
398,757,/timeclass.py___repr__,0,[],[]
399,758,/timeclass.py__binop,0,[],[]
400,759,/timeclass.py__r_binop,0,[],[]
401,89,/categorical.py_group,0,[],[]
402,775,/timeclass.py_minute,0,[],[]
403,88,/categorical.py_hash,0,[],[]
404,763,/timeclass.py__scalar_callback,0,[],[]
405,764,/timeclass.py___getitem__,0,[],[]
406,765,/timeclass.py___setitem__,0,[],[]
407,766,/timeclass.py_min,0,[],[]
408,767,/timeclass.py_max,0,[],[]
409,768,/timeclass.py_mink,0,[],[]
410,769,/timeclass.py_maxk,0,[],[]
411,770,/timeclass.py__ensure_components,0,[],[]
412,771,/timeclass.py_nanosecond,0,[],[]
413,772,/timeclass.py_microsecond,0,[],[]
414,773,/timeclass.py_millisecond,0,[],[]
415,774,/timeclass.py_second,0,[],[]
416,937,/segarray.py_segarray,0,[],[]
417,940,/segarray.py_from_parts,0,[],[]
418,939,/segarray.py_from_return_msg,0,[],[]
419,1104,/array_api/_array_object.py_to_ndarray,0,[],[]
420,1106,/array_api/_array_object.py___repr__,0,[],[]
421,1107,/array_api/_array_object.py__check_allowed_dtypes,0,[],[]
422,12,/series.py___setitem__,0,[],[]
423,11,/series.py_validate_val,0,[],[]
424,1110,/array_api/_array_object.py__validate_index,0,[],[]
425,1111,/array_api/_array_object.py___abs__,0,[],[]
426,1112,/array_api/_array_object.py___add__,0,[],[]
427,1113,/array_api/_array_object.py___and__,0,[],[]
428,1114,/array_api/_array_object.py___array_namespace__,0,[],[]
429,1115,/array_api/_array_object.py___bool__,0,[],[]
430,1116,/array_api/_array_object.py___complex__,0,[],[]
431,1117,/array_api/_array_object.py___dlpack_device__,0,[],[]
432,1118,/array_api/_array_object.py___eq__,0,[],[]
433,1119,/array_api/_array_object.py___float__,0,[],[]
434,1120,/array_api/_array_object.py___floordiv__,0,[],[]
435,1121,/array_api/_array_object.py___ge__,0,[],[]
436,1122,/array_api/_array_object.py___getitem__,0,[],[]
437,1123,/array_api/_array_object.py___gt__,0,[],[]
438,1124,/array_api/_array_object.py___int__,0,[],[]
439,1125,/array_api/_array_object.py___index__,0,[],[]
440,1126,/array_api/_array_object.py___invert__,0,[],[]
441,1127,/array_api/_array_object.py___le__,0,[],[]
442,1128,/array_api/_array_object.py___lshift__,0,[],[]
443,1129,/array_api/_array_object.py___lt__,0,[],[]
444,1130,/array_api/_array_object.py___matmul__,0,[],[]
445,1131,/array_api/_array_object.py___mod__,0,[],[]
446,1132,/array_api/_array_object.py___mul__,0,[],[]
447,1133,/array_api/_array_object.py___ne__,0,[],[]
448,1134,/array_api/_array_object.py___neg__,0,[],[]
449,1105,/array_api/_array_object.py___str__,0,[],[]
450,1103,/array_api/_array_object.py_tolist,0,[],[]
451,111,/strings.py___init__,0,[],[]
452,1102,/array_api/_array_object.py___new__,0,[],[]
453,15,/series.py_at,0,[],[]
454,1074,/array_api/linalg.py_matmul,0,[],[]
455,1075,/array_api/linalg.py_tensordot,0,[],[]
456,1076,/array_api/linalg.py_matrix_transpose,0,[],[]
457,1077,/array_api/linalg.py_vecdot,0,[],[]
458,1078,/array_api/_creation_functions.py__check_valid_dtype,0,[],[]
459,1079,/array_api/_creation_functions.py_asarray,0,[],[]
460,1080,/array_api/_creation_functions.py_arange,0,[],[]
461,1081,/array_api/_creation_functions.py_empty,0,[],[]
462,1082,/array_api/_creation_functions.py_empty_like,0,[],[]
463,1083,/array_api/_creation_functions.py_eye,0,[],[]
464,1084,/array_api/_creation_functions.py_from_dlpack,0,[],[]
465,1085,/array_api/_creation_functions.py_full,0,[],[]
466,1086,/array_api/_creation_functions.py_full_like,0,[],[]
467,1087,/array_api/_creation_functions.py_linspace,0,[],[]
468,1088,/array_api/_creation_functions.py_meshgrid,0,[],[]
469,1089,/array_api/_creation_functions.py_ones,0,[],[]
470,1090,/array_api/_creation_functions.py_ones_like,0,[],[]
471,1091,/array_api/_creation_functions.py_tril,0,[],[]
472,1092,/array_api/_creation_functions.py_triu,0,[],[]
473,1093,/array_api/_creation_functions.py_zeros,0,[],[]
474,1094,/array_api/_creation_functions.py_zeros_like,0,[],[]
475,1095,/array_api/_sorting_functions.py_argsort,0,[],[]
476,1096,/array_api/_sorting_functions.py_sort,0,[],[]
477,1097,/array_api/_data_type_functions.py_astype,0,[],[]
478,14,/series.py_loc,0,[],[]
479,1099,/array_api/_data_type_functions.py_isdtype,0,[],[]
480,13,/series.py_has_repeat_labels,0,[],[]
481,1101,/array_api/_array_object.py__new,0,[],[]
482,1135,/array_api/_array_object.py___or__,0,[],[]
483,1136,/array_api/_array_object.py___pos__,0,[],[]
484,1137,/array_api/_array_object.py___pow__,0,[],[]
485,1138,/array_api/_array_object.py___rshift__,0,[],[]
486,1171,/array_api/_array_object.py_device,0,[],[]
487,1172,/array_api/_array_object.py_mT,0,[],[]
488,1173,/array_api/_array_object.py_ndim,0,[],[]
489,1174,/array_api/_array_object.py_shape,0,[],[]
490,1175,/array_api/_array_object.py_size,0,[],[]
491,1176,/array_api/_array_object.py_T,0,[],[]
492,10,/series.py___getitem__,0,[],[]
493,9,/series.py_validate_key,0,[],[]
494,8,/series.py___repr__,0,[],[]
495,7,/series.py___len__,0,[],[]
496,1181,/array_api/_dtypes.py__result_type,0,[],[]
497,1182,/array_api/_statistical_functions.py_max,0,[],[]
498,1183,/array_api/_statistical_functions.py_mean,0,[],[]
499,1184,/array_api/_statistical_functions.py_min,0,[],[]
500,1185,/array_api/_statistical_functions.py_prod,0,[],[]
501,1186,/array_api/_statistical_functions.py_std,0,[],[]
502,1187,/array_api/_statistical_functions.py_sum,0,[],[]
503,1188,/array_api/_statistical_functions.py_var,0,[],[]
504,1189,/array_api/_utility_functions.py_all,0,[],[]
505,1190,/array_api/_utility_functions.py_any,0,[],[]
506,6,/series.py__constructor_expanddim,0,[],[]
507,1192,/array_api/_manipulation_functions.py_broadcast_to,0,[],[]
508,1193,/array_api/_manipulation_functions.py_concat,0,[],[]
509,5,/series.py__constructor,0,[],[]
510,4,/series.py___init__,0,[],[]
511,3,/series.py_aggregation_operators,0,[],[]
512,1197,/array_api/_manipulation_functions.py_reshape,0,[],[]
513,1198,/array_api/_manipulation_functions.py_roll,0,[],[]
514,2,/series.py_unary_operators,0,[],[]
515,1170,/array_api/_array_object.py_dtype,0,[],[]
516,1169,/array_api/_array_object.py_to_device,0,[],[]
517,1168,/array_api/_array_object.py___rxor__,0,[],[]
518,1152,/array_api/_array_object.py___rmatmul__,0,[],[]
519,1139,/array_api/_array_object.py___setitem__,0,[],[]
520,1140,/array_api/_array_object.py___sub__,0,[],[]
521,1141,/array_api/_array_object.py___truediv__,0,[],[]
522,1142,/array_api/_array_object.py___xor__,0,[],[]
523,1143,/array_api/_array_object.py___iadd__,0,[],[]
524,1144,/array_api/_array_object.py___radd__,0,[],[]
525,1145,/array_api/_array_object.py___iand__,0,[],[]
526,1146,/array_api/_array_object.py___rand__,0,[],[]
527,1147,/array_api/_array_object.py___ifloordiv__,0,[],[]
528,1148,/array_api/_array_object.py___rfloordiv__,0,[],[]
529,1149,/array_api/_array_object.py___ilshift__,0,[],[]
530,1150,/array_api/_array_object.py___rlshift__,0,[],[]
531,1151,/array_api/_array_object.py___imatmul__,0,[],[]
532,1153,/array_api/_array_object.py___imod__,0,[],[]
533,1167,/array_api/_array_object.py___ixor__,0,[],[]
534,1154,/array_api/_array_object.py___rmod__,0,[],[]
535,1155,/array_api/_array_object.py___imul__,0,[],[]
536,1156,/array_api/_array_object.py___rmul__,0,[],[]
537,1157,/array_api/_array_object.py___ior__,0,[],[]
538,1158,/array_api/_array_object.py___ror__,0,[],[]
539,1159,/array_api/_array_object.py___ipow__,0,[],[]
540,1160,/array_api/_array_object.py___rpow__,0,[],[]
541,1161,/array_api/_array_object.py___irshift__,0,[],[]
542,1162,/array_api/_array_object.py___rrshift__,0,[],[]
543,1163,/array_api/_array_object.py___isub__,0,[],[]
544,1164,/array_api/_array_object.py___rsub__,0,[],[]
545,1165,/array_api/_array_object.py___itruediv__,0,[],[]
546,1166,/array_api/_array_object.py___rtruediv__,0,[],[]
547,16,/series.py_iloc,0,[],[]
548,17,/series.py_iat,0,[],[]
549,18,/series.py_shape,0,[],[]
550,1003,/accessor.py_accessop,0,[],[]
551,973,/segarray.py_OR,0,[],[]
552,974,/segarray.py_AND,0,[],[]
553,975,/segarray.py_XOR,0,[],[]
554,976,/segarray.py_nunique,0,[],[]
555,977,/segarray.py_mean,0,[],[]
556,978,/segarray.py_aggregate,0,[],[]
557,979,/segarray.py_unique,0,[],[]
558,980,/segarray.py_hash,0,[],[]
559,981,/segarray.py_to_hdf,0,[],[]
560,982,/segarray.py_update_hdf,0,[],[]
561,983,/segarray.py_to_parquet,0,[],[]
562,984,/segarray.py_save,0,[],[]
563,985,/segarray.py_read_hdf,0,[],[]
564,986,/segarray.py_load,0,[],[]
565,987,/segarray.py_intersect,0,[],[]
566,988,/segarray.py_union,0,[],[]
567,989,/segarray.py_setdiff,0,[],[]
568,990,/segarray.py_setxor,0,[],[]
569,991,/segarray.py_filter,0,[],[]
570,992,/segarray.py_register,0,[],[]
571,993,/segarray.py_unregister,0,[],[]
572,994,/segarray.py_unregister_segarray_by_name,0,[],[]
573,995,/segarray.py_attach,0,[],[]
574,996,/segarray.py_is_registered,0,[],[]
575,997,/segarray.py_transfer,0,[],[]
576,998,/accessor.py___init__,0,[],[]
577,999,/accessor.py___get__,0,[],[]
578,1000,/accessor.py_string_operators,0,[],[]
579,1001,/accessor.py_date_operators,0,[],[]
580,972,/segarray.py_all,0,[],[]
581,971,/segarray.py_any,0,[],[]
582,970,/segarray.py_argmax,0,[],[]
583,954,/segarray.py_get_ngrams,0,[],[]
584,73,/categorical.py___len__,0,[],[]
585,942,/segarray.py_non_empty,0,[],[]
586,943,/segarray.py_grouping,0,[],[]
587,944,/segarray.py__get_lengths,0,[],[]
588,945,/segarray.py___getitem__,0,[],[]
589,946,/segarray.py_concat,0,[],[]
590,947,/segarray.py_copy,0,[],[]
591,948,/segarray.py___eq__,0,[],[]
592,949,/segarray.py___len__,0,[],[]
593,950,/segarray.py___str__,0,[],[]
594,951,/segarray.py___repr__,0,[],[]
595,952,/segarray.py_get_suffixes,0,[],[]
596,953,/segarray.py_get_prefixes,0,[],[]
597,955,/segarray.py__normalize_index,0,[],[]
598,969,/segarray.py_argmin,0,[],[]
599,956,/segarray.py_get_jth,0,[],[]
600,957,/segarray.py_set_jth,0,[],[]
601,958,/segarray.py_get_length_n,0,[],[]
602,959,/segarray.py_append,0,[],[]
603,960,/segarray.py_append_single,0,[],[]
604,961,/segarray.py_prepend_single,0,[],[]
605,962,/segarray.py_remove_repeats,0,[],[]
606,72,/categorical.py___iter__,0,[],[]
607,964,/segarray.py_to_list,0,[],[]
608,965,/segarray.py_sum,0,[],[]
609,966,/segarray.py_prod,0,[],[]
610,967,/segarray.py_min,0,[],[]
611,968,/segarray.py_max,0,[],[]
612,1002,/accessor.py__make_op,0,[],[]
613,1004,/accessor.py___init__,0,[],[]
614,19,/series.py_isin,0,[],[]
615,1005,/accessor.py___init__,0,[],[]
616,50,/series.py___init__,0,[],[]
617,49,/series.py___setitem__,0,[],[]
618,48,/series.py___getitem__,0,[],[]
619,47,/series.py___init__,0,[],[]
620,46,/series.py_pdconcat,0,[],[]
621,45,/series.py_concat,0,[],[]
622,44,/series.py__all_aligned,0,[],[]
623,43,/series.py_from_return_msg,0,[],[]
624,42,/series.py_is_registered,0,[],[]
625,41,/series.py_attach,0,[],[]
626,40,/series.py_unregister,0,[],[]
627,39,/series.py_register,0,[],[]
628,38,/series.py_to_dataframe,0,[],[]
629,36,/series.py_value_counts,0,[],[]
630,35,/series.py_to_list,0,[],[]
631,34,/series.py_to_pandas,0,[],[]
632,33,/series.py_head,0,[],[]
633,32,/series.py_tail,0,[],[]
634,31,/series.py_sort_values,0,[],[]
635,30,/series.py_sort_index,0,[],[]
636,29,/series.py__reindex,0,[],[]
637,28,/series.py_topn,0,[],[]
638,27,/series.py_add,0,[],[]
639,26,/series.py_aggop,0,[],[]
640,25,/series.py__make_aggop,0,[],[]
641,24,/series.py_unaryop,0,[],[]
642,23,/series.py__make_unaryop,0,[],[]
643,22,/series.py_binop,0,[],[]
644,21,/series.py__make_binop,0,[],[]
645,51,/series.py_validate_key,0,[],[]
646,52,/series.py_validate_val,0,[],[]
647,53,/series.py___getitem__,0,[],[]
648,1019,/array_api/_elementwise_functions.py_asin,0,[],[]
649,71,/categorical.py_to_list,0,[],[]
650,1007,/array_api/_set_functions.py_unique_all,0,[],[]
651,1008,/array_api/_set_functions.py_unique_counts,0,[],[]
652,1009,/array_api/_set_functions.py_unique_inverse,0,[],[]
653,69,/categorical.py_set_categories,0,[],[]
654,68,/categorical.py_standardize_categories,0,[],[]
655,1012,/array_api/_typing.py___getitem__,0,[],[]
656,1013,/array_api/_typing.py___len__,0,[],[]
657,1014,/array_api/_typing.py___dlpack__,0,[],[]
658,1015,/array_api/_elementwise_functions.py_abs,0,[],[]
659,67,/categorical.py_from_return_msg,0,[],[]
660,1017,/array_api/_elementwise_functions.py_acosh,0,[],[]
661,66,/categorical.py_from_codes,0,[],[]
662,1020,/array_api/_elementwise_functions.py_asinh,0,[],[]
663,54,/series.py___setitem__,0,[],[]
664,65,/categorical.py___init__,0,[],[]
665,1022,/array_api/_elementwise_functions.py_atan2,0,[],[]
666,1023,/array_api/_elementwise_functions.py_atanh,0,[],[]
667,64,/match.py_group,0,[],[]
668,63,/match.py_find_matches,0,[],[]
669,62,/match.py_match_type,0,[],[]
670,61,/match.py_end,0,[],[]
671,60,/match.py_start,0,[],[]
672,59,/match.py_matched,0,[],[]
673,58,/match.py___repr__,0,[],[]
674,57,/match.py___getitem__,0,[],[]
675,56,/match.py___str__,0,[],[]
676,55,/match.py___init__,0,[],[]
677,680,/pdarrayclass.py_mink,0,[],[]
678,112,/strings.py___iter__,0,[],[]
679,156,/strings.py_stick,0,[],[]
680,319,/io.py_read_parquet,0,[],[]
681,321,/io.py_import_data,0,[],[]
682,322,/io.py_export,0,[],[]
683,323,/io.py__bulk_write_prep,0,[],[]
684,324,/io.py_to_parquet,0,[],[]
685,325,/io.py_to_hdf,0,[],[]
686,326,/io.py__get_hdf_filetype,0,[],[]
687,327,/io.py__repack_hdf,0,[],[]
688,328,/io.py_update_hdf,0,[],[]
689,329,/io.py_to_csv,0,[],[]
690,330,/io.py_save_all,0,[],[]
691,331,/io.py_load,0,[],[]
692,332,/io.py_load_all,0,[],[]
693,333,/io.py_read,0,[],[]
694,334,/io.py_read_tagged_data,0,[],[]
695,335,/io.py_snapshot,0,[],[]
696,336,/io.py_restore,0,[],[]
697,337,/io.py_receive,0,[],[]
698,338,/io.py_receive_dataframe,0,[],[]
699,339,/alignment.py_unsqueeze,0,[],[]
700,340,/alignment.py_zero_up,0,[],[]
701,341,/alignment.py_align,0,[],[]
702,342,/alignment.py_right_align,0,[],[]
703,343,/alignment.py_left_align,0,[],[]
704,145,/strings.py_fullmatch,0,[],[]
705,345,/alignment.py_lookup,0,[],[]
706,346,/alignment.py_in1d_intervals,0,[],[]
707,347,/alignment.py_is_cosorted,0,[],[]
708,348,/alignment.py_interval_lookup,0,[],[]
709,349,/client_dtypes.py_BitVectorizer,0,[],[]
710,320,/io.py_read_csv,0,[],[]
711,318,/io.py_read_hdf,0,[],[]
712,286,/history.py_retrieve,0,[],[]
713,317,/io.py__build_objects,0,[],[]
714,288,/infoclass.py___str__,0,[],[]
715,289,/infoclass.py_default,0,[],[]
716,290,/infoclass.py___init__,0,[],[]
717,291,/infoclass.py_information,0,[],[]
718,292,/infoclass.py_list_registry,0,[],[]
719,293,/infoclass.py_list_symbol_table,0,[],[]
720,294,/infoclass.py_pretty_print_information,0,[],[]
721,295,/logger.py___init__,0,[],[]
722,296,/logger.py_changeLogLevel,0,[],[]
723,297,/logger.py_enableVerbose,0,[],[]
724,298,/logger.py_disableVerbose,0,[],[]
725,299,/logger.py_getHandler,0,[],[]
726,300,/logger.py_getArkoudaLogger,0,[],[]
727,301,/logger.py_getArkoudaClientLogger,0,[],[]
728,302,/logger.py_enableVerbose,0,[],[]
729,303,/logger.py_disableVerbose,0,[],[]
730,304,/logger.py_write_log,0,[],[]
731,305,/io.py_get_filetype,0,[],[]
732,306,/io.py_ls,0,[],[]
733,307,/io.py_get_null_indices,0,[],[]
734,308,/io.py__file_type_to_int,0,[],[]
735,309,/io.py__mode_str_to_int,0,[],[]
736,310,/io.py_get_datasets,0,[],[]
737,311,/io.py_ls_csv,0,[],[]
738,312,/io.py_get_columns,0,[],[]
739,313,/io.py__prep_datasets,0,[],[]
740,314,/io.py__parse_errors,0,[],[]
741,315,/io.py__parse_obj,0,[],[]
742,316,/io.py__dict_recombine_segarrays_categoricals,0,[],[]
743,350,/client_dtypes.py___init__,0,[],[]
744,351,/client_dtypes.py_format,0,[],[]
745,352,/client_dtypes.py___str__,0,[],[]
746,353,/client_dtypes.py___repr__,0,[],[]
747,386,/client_dtypes.py__r_binop,0,[],[]
748,387,/client_dtypes.py_opeq,0,[],[]
749,388,/client_dtypes.py_register,0,[],[]
750,389,/client_dtypes.py_to_hdf,0,[],[]
751,390,/client_dtypes.py_update_hdf,0,[],[]
752,391,/client_dtypes.py_is_ipv4,0,[],[]
753,392,/client_dtypes.py_is_ipv6,0,[],[]
754,393,/io_util.py_get_directory,0,[],[]
755,394,/io_util.py_write_line_to_file,0,[],[]
756,395,/io_util.py_delimited_file_to_dict,0,[],[]
757,396,/io_util.py_dict_to_delimited_file,0,[],[]
758,397,/util.py_identity,0,[],[]
759,398,/util.py_get_callback,0,[],[]
760,399,/util.py_concatenate,0,[],[]
761,400,/util.py_generic_concat,0,[],[]
762,401,/util.py_report_mem,0,[],[]
763,402,/util.py_enrich_inplace,0,[],[]
764,403,/util.py_expand,0,[],[]
765,404,/util.py_invert_permutation,0,[],[]
766,405,/util.py_most_common,0,[],[]
767,406,/util.py_convert_if_categorical,0,[],[]
768,407,/util.py_register,0,[],[]
769,408,/util.py_attach,0,[],[]
770,409,/util.py_unregister,0,[],[]
771,410,/util.py_is_registered,0,[],[]
772,411,/util.py_register_all,0,[],[]
773,412,/util.py_unregister_all,0,[],[]
774,413,/util.py_attach_all,0,[],[]
775,414,/util.py_broadcast_dims,0,[],[]
776,385,/client_dtypes.py__binop,0,[],[]
777,384,/client_dtypes.py___setitem__,0,[],[]
778,383,/client_dtypes.py___getitem__,0,[],[]
779,367,/client_dtypes.py_format,0,[],[]
780,144,/strings.py_match,0,[],[]
781,355,/client_dtypes.py_to_list,0,[],[]
782,356,/client_dtypes.py__cast,0,[],[]
783,357,/client_dtypes.py___getitem__,0,[],[]
784,358,/client_dtypes.py___setitem__,0,[],[]
785,359,/client_dtypes.py__binop,0,[],[]
786,360,/client_dtypes.py__r_binop,0,[],[]
787,361,/client_dtypes.py_opeq,0,[],[]
788,362,/client_dtypes.py_register,0,[],[]
789,363,/client_dtypes.py_from_return_msg,0,[],[]
790,364,/client_dtypes.py___init__,0,[],[]
791,365,/client_dtypes.py__convert_strings,0,[],[]
792,366,/client_dtypes.py__parse_scalar,0,[],[]
793,368,/client_dtypes.py___setitem__,0,[],[]
794,382,/client_dtypes.py_to_list,0,[],[]
795,369,/client_dtypes.py__cast,0,[],[]
796,370,/client_dtypes.py__binop,0,[],[]
797,371,/client_dtypes.py__r_binop,0,[],[]
798,372,/client_dtypes.py_opeq,0,[],[]
799,373,/client_dtypes.py_ip_address,0,[],[]
800,374,/client_dtypes.py___init__,0,[],[]
801,375,/client_dtypes.py_export_uint,0,[],[]
802,376,/client_dtypes.py_format,0,[],[]
803,377,/client_dtypes.py_normalize,0,[],[]
804,378,/client_dtypes.py__is_supported_scalar,0,[],[]
805,379,/client_dtypes.py___str__,0,[],[]
806,380,/client_dtypes.py___repr__,0,[],[]
807,143,/strings.py_search,0,[],[]
808,287,/infoclass.py_auto_str,0,[],[]
809,285,/history.py_retrieve,0,[],[]
810,113,/strings.py___len__,0,[],[]
811,188,/_version.py_versions_from_parentdir,0,[],[]
812,190,/_version.py_git_versions_from_keywords,0,[],[]
813,191,/_version.py_git_pieces_from_vcs,0,[],[]
814,192,/_version.py_plus_or_dot,0,[],[]
815,193,/_version.py_render_pep440,0,[],[]
816,194,/_version.py_render_pep440_pre,0,[],[]
817,195,/_version.py_render_pep440_post,0,[],[]
818,196,/_version.py_render_pep440_old,0,[],[]
819,197,/_version.py_render_git_describe,0,[],[]
820,198,/_version.py_render_git_describe_long,0,[],[]
821,199,/_version.py_render,0,[],[]
822,200,/_version.py_get_versions,0,[],[]
823,201,/array_view.py___init__,0,[],[]
824,202,/array_view.py___len__,0,[],[]
825,150,/strings.py_contains,0,[],[]
826,149,/strings.py_subn,0,[],[]
827,148,/strings.py_sub,0,[],[]
828,206,/array_view.py___setitem__,0,[],[]
829,147,/strings.py_findall,0,[],[]
830,208,/array_view.py_to_list,0,[],[]
831,209,/array_view.py_to_hdf,0,[],[]
832,210,/array_view.py_update_hdf,0,[],[]
833,211,/row.py___str__,0,[],[]
834,212,/row.py___repr__,0,[],[]
835,213,/row.py__repr_html_,0,[],[]
836,214,/message.py___str__,0,[],[]
837,215,/message.py___repr__,0,[],[]
838,216,/message.py___init__,0,[],[]
839,217,/message.py_dict,0,[],[]
840,218,/message.py__build_pdarray_param,0,[],[]
841,189,/_version.py_git_get_keywords,0,[],[]
842,187,/_version.py_run_command,0,[],[]
843,284,/history.py_retrieve,0,[],[]
844,186,/_version.py_decorate,0,[],[]
845,157,/strings.py___add__,0,[],[]
846,158,/strings.py_lstick,0,[],[]
847,159,/strings.py___radd__,0,[],[]
848,160,/strings.py_get_prefixes,0,[],[]
849,161,/strings.py_get_suffixes,0,[],[]
850,162,/strings.py_hash,0,[],[]
851,163,/strings.py_group,0,[],[]
852,164,/strings.py__get_grouping_keys,0,[],[]
853,154,/strings.py_peel,0,[],[]
854,166,/strings.py_to_list,0,[],[]
855,153,/strings.py_flatten,0,[],[]
856,152,/strings.py_endswith,0,[],[]
857,169,/strings.py_to_parquet,0,[],[]
858,170,/strings.py_to_hdf,0,[],[]
859,171,/strings.py_update_hdf,0,[],[]
860,172,/strings.py_to_csv,0,[],[]
861,173,/strings.py_save,0,[],[]
862,174,/strings.py__list_component_names,0,[],[]
863,175,/strings.py_info,0,[],[]
864,176,/strings.py_pretty_print_info,0,[],[]
865,177,/strings.py_register,0,[],[]
866,178,/strings.py_unregister,0,[],[]
867,151,/strings.py_startswith,0,[],[]
868,180,/strings.py_attach,0,[],[]
869,181,/strings.py_unregister_strings_by_name,0,[],[]
870,182,/strings.py_transfer,0,[],[]
871,183,/_version.py_get_keywords,0,[],[]
872,184,/_version.py_get_config,0,[],[]
873,185,/_version.py_register_vcs_handler,0,[],[]
874,219,/message.py__build_strings_param,0,[],[]
875,220,/message.py__build_segarray_param,0,[],[]
876,146,/strings.py_split,0,[],[]
877,222,/message.py__format_param,0,[],[]
878,255,/client.py__set_url,0,[],[]
879,256,/client.py__set_access_token,0,[],[]
880,257,/client.py_send_string_message,0,[],[]
881,258,/client.py_send_binary_message,0,[],[]
882,259,/client.py_connect,0,[],[]
883,260,/client.py_disconnect,0,[],[]
884,261,/client.py_send_string_message,0,[],[]
885,262,/client.py_send_binary_message,0,[],[]
886,263,/client.py_connect,0,[],[]
887,264,/client.py_disconnect,0,[],[]
888,265,/client.py_get_channel,0,[],[]
889,266,/client.py_connect,0,[],[]
890,267,/client.py__parse_url,0,[],[]
891,268,/client.py__start_tunnel,0,[],[]
892,269,/client.py_disconnect,0,[],[]
893,270,/client.py_shutdown,0,[],[]
894,271,/client.py__json_args_to_str,0,[],[]
895,272,/client.py_generic_msg,0,[],[]
896,273,/client.py_get_config,0,[],[]
897,274,/client.py__get_config_msg,0,[],[]
898,275,/client.py_get_mem_used,0,[],[]
899,276,/client.py_get_mem_avail,0,[],[]
900,277,/client.py_get_mem_status,0,[],[]
901,278,/client.py_get_server_commands,0,[],[]
902,279,/client.py_print_server_commands,0,[],[]
903,280,/client.py__no_op,0,[],[]
904,281,/client.py_ruok,0,[],[]
905,282,/client.py_generate_history,0,[],[]
906,283,/history.py__filter_arkouda_command,0,[],[]
907,254,/client.py___init__,0,[],[]
908,253,/client.py___repr__,0,[],[]
909,252,/client.py___str__,0,[],[]
910,236,/matcher.py_find_locations,0,[],[]
911,223,/message.py__build_list_param,0,[],[]
912,224,/message.py__build_dict_param,0,[],[]
913,225,/message.py__build_gen_param,0,[],[]
914,226,/message.py_generate_dispatch,0,[],[]
915,227,/message.py_factory,0,[],[]
916,228,/message.py___str__,0,[],[]
917,229,/message.py___repr__,0,[],[]
918,230,/message.py___str__,0,[],[]
919,231,/message.py___repr__,0,[],[]
920,232,/message.py___init__,0,[],[]
921,233,/message.py_asdict,0,[],[]
922,234,/message.py_fromdict,0,[],[]
923,235,/matcher.py___init__,0,[],[]
924,237,/matcher.py_get_match,0,[],[]
925,251,/client.py_set_defaults,0,[],[]
926,238,/matcher.py_split,0,[],[]
927,239,/matcher.py_findall,0,[],[]
928,240,/matcher.py_sub,0,[],[]
929,241,/client.py__mem_get_factor,0,[],[]
930,242,/client.py___str__,0,[],[]
931,243,/client.py___repr__,0,[],[]
932,244,/client.py___str__,0,[],[]
933,245,/client.py___repr__,0,[],[]
934,246,/client.py___str__,0,[],[]
935,247,/client.py___repr__,0,[],[]
936,248,/client.py___str__,0,[],[]
937,249,/client.py___repr__,0,[],[]
938,250,/client.py_get_shell_mode,0,[],[]
939,142,/strings.py_find_locations,0,[],[]
940,416,/pdarraycreation.py__array_memview,0,[],[]
941,417,/pdarraycreation.py_bigint_from_uint_arrays,0,[],[]
942,580,/groupbyclass.py_nunique,0,[],[]
943,582,/groupbyclass.py_all,0,[],[]
944,583,/groupbyclass.py_OR,0,[],[]
945,584,/groupbyclass.py_AND,0,[],[]
946,585,/groupbyclass.py_XOR,0,[],[]
947,586,/groupbyclass.py_first,0,[],[]
948,587,/groupbyclass.py_mode,0,[],[]
949,588,/groupbyclass.py_unique,0,[],[]
950,589,/groupbyclass.py_broadcast,0,[],[]
951,590,/groupbyclass.py_build_from_components,0,[],[]
952,591,/groupbyclass.py__get_groupby_required_pieces,0,[],[]
953,592,/groupbyclass.py_register,0,[],[]
954,593,/groupbyclass.py_unregister,0,[],[]
955,594,/groupbyclass.py_is_registered,0,[],[]
956,595,/groupbyclass.py_attach,0,[],[]
957,596,/groupbyclass.py_unregister_groupby_by_name,0,[],[]
958,597,/groupbyclass.py_most_common,0,[],[]
959,130,/strings.py_isupper,0,[],[]
960,599,/pdarrayclass.py_parse_single_value,0,[],[]
961,1,/series.py_natural_binary_operators,0,[],[]
962,129,/strings.py_islower,0,[],[]
963,602,/pdarrayclass.py___del__,0,[],[]
964,603,/pdarrayclass.py___bool__,0,[],[]
965,604,/pdarrayclass.py___len__,0,[],[]
966,605,/pdarrayclass.py___str__,0,[],[]
967,606,/pdarrayclass.py___repr__,0,[],[]
968,607,/pdarrayclass.py_max_bits,0,[],[]
969,608,/pdarrayclass.py_max_bits,0,[],[]
970,128,/strings.py_capitalize,0,[],[]
971,127,/strings.py_title,0,[],[]
972,581,/groupbyclass.py_any,0,[],[]
973,579,/groupbyclass.py__nested_grouping_helper,0,[],[]
974,141,/strings.py__get_matcher,0,[],[]
975,578,/groupbyclass.py_argmax,0,[],[]
976,549,/numeric.py_hash,0,[],[]
977,550,/numeric.py__hash_single,0,[],[]
978,551,/numeric.py__str_cat_where,0,[],[]
979,552,/numeric.py_where,0,[],[]
980,553,/numeric.py_histogram,0,[],[]
981,554,/numeric.py_histogram2d,0,[],[]
982,555,/numeric.py_histogramdd,0,[],[]
983,556,/numeric.py_value_counts,0,[],[]
984,557,/groupbyclass.py__get_grouping_keys,0,[],[]
985,558,/groupbyclass.py_unique,0,[],[]
986,559,/groupbyclass.py___str__,0,[],[]
987,560,/groupbyclass.py___repr__,0,[],[]
988,561,/groupbyclass.py___init__,0,[],[]
989,562,/groupbyclass.py_drop_na_keys,0,[],[]
990,563,/groupbyclass.py_from_return_msg,0,[],[]
991,564,/groupbyclass.py_to_hdf,0,[],[]
992,565,/groupbyclass.py_update_hdf,0,[],[]
993,566,/groupbyclass.py_size,0,[],[]
994,567,/groupbyclass.py_count,0,[],[]
995,568,/groupbyclass.py_aggregate,0,[],[]
996,569,/groupbyclass.py_sum,0,[],[]
997,570,/groupbyclass.py_prod,0,[],[]
998,571,/groupbyclass.py_var,0,[],[]
999,572,/groupbyclass.py_std,0,[],[]
1000,573,/groupbyclass.py_mean,0,[],[]
1001,574,/groupbyclass.py_median,0,[],[]
1002,575,/groupbyclass.py_min,0,[],[]
1003,576,/groupbyclass.py_max,0,[],[]
1004,577,/groupbyclass.py_argmin,0,[],[]
1005,126,/strings.py_upper,0,[],[]
1006,612,/pdarrayclass.py_transfer,0,[],[]
1007,613,/pdarrayclass.py___add__,0,[],[]
1008,614,/pdarrayclass.py___radd__,0,[],[]
1009,647,/pdarrayclass.py___isub__,0,[],[]
1010,648,/pdarrayclass.py___imul__,0,[],[]
1011,649,/pdarrayclass.py___itruediv__,0,[],[]
1012,650,/pdarrayclass.py___imod__,0,[],[]
1013,651,/pdarrayclass.py___ifloordiv__,0,[],[]
1014,652,/pdarrayclass.py___ilshift__,0,[],[]
1015,653,/pdarrayclass.py___irshift__,0,[],[]
1016,654,/pdarrayclass.py___iand__,0,[],[]
1017,655,/pdarrayclass.py___ior__,0,[],[]
1018,656,/pdarrayclass.py___ixor__,0,[],[]
1019,657,/pdarrayclass.py___ipow__,0,[],[]
1020,658,/pdarrayclass.py___iter__,0,[],[]
1021,124,/strings.py_decode,0,[],[]
1022,123,/strings.py_encode,0,[],[]
1023,661,/pdarrayclass.py_fill,0,[],[]
1024,122,/strings.py_get_offsets,0,[],[]
1025,121,/strings.py_get_bytes,0,[],[]
1026,120,/strings.py_get_lengths,0,[],[]
1027,665,/pdarrayclass.py__list_component_names,0,[],[]
1028,666,/pdarrayclass.py_info,0,[],[]
1029,667,/pdarrayclass.py_pretty_print_info,0,[],[]
1030,669,/pdarrayclass.py_sum,0,[],[]
1031,118,/strings.py___ne__,0,[],[]
1032,671,/pdarrayclass.py_min,0,[],[]
1033,672,/pdarrayclass.py_max,0,[],[]
1034,117,/strings.py___eq__,0,[],[]
1035,116,/strings.py__binop,0,[],[]
1036,115,/strings.py___repr__,0,[],[]
1037,114,/strings.py___str__,0,[],[]
1038,646,/pdarrayclass.py___iadd__,0,[],[]
1039,645,/pdarrayclass.py_opeq,0,[],[]
1040,125,/strings.py_lower,0,[],[]
1041,628,/pdarrayclass.py___rrshift__,0,[],[]
1042,615,/pdarrayclass.py___sub__,0,[],[]
1043,616,/pdarrayclass.py___rsub__,0,[],[]
1044,617,/pdarrayclass.py___mul__,0,[],[]
1045,618,/pdarrayclass.py___rmul__,0,[],[]
1046,619,/pdarrayclass.py___truediv__,0,[],[]
1047,620,/pdarrayclass.py___rtruediv__,0,[],[]
1048,621,/pdarrayclass.py___floordiv__,0,[],[]
1049,622,/pdarrayclass.py___rfloordiv__,0,[],[]
1050,623,/pdarrayclass.py___mod__,0,[],[]
1051,624,/pdarrayclass.py___rmod__,0,[],[]
1052,625,/pdarrayclass.py___lshift__,0,[],[]
1053,626,/pdarrayclass.py___rlshift__,0,[],[]
1054,627,/pdarrayclass.py___rshift__,0,[],[]
1055,629,/pdarrayclass.py___and__,0,[],[]
1056,643,/pdarrayclass.py___neg__,0,[],[]
1057,630,/pdarrayclass.py___rand__,0,[],[]
1058,631,/pdarrayclass.py___or__,0,[],[]
1059,632,/pdarrayclass.py___ror__,0,[],[]
1060,633,/pdarrayclass.py___xor__,0,[],[]
1061,634,/pdarrayclass.py___rxor__,0,[],[]
1062,635,/pdarrayclass.py___pow__,0,[],[]
1063,636,/pdarrayclass.py___rpow__,0,[],[]
1064,637,/pdarrayclass.py___lt__,0,[],[]
1065,638,/pdarrayclass.py___gt__,0,[],[]
1066,639,/pdarrayclass.py___le__,0,[],[]
1067,640,/pdarrayclass.py___ge__,0,[],[]
1068,641,/pdarrayclass.py___eq__,0,[],[]
1069,642,/pdarrayclass.py___ne__,0,[],[]
1070,548,/numeric.py__hash_helper,0,[],[]
1071,131,/strings.py_istitle,0,[],[]
1072,132,/strings.py_isalnum,0,[],[]
1073,481,/index.py_index,0,[],[]
1074,451,/index.py_is_unique,0,[],[]
1075,452,/index.py_factory,0,[],[]
1076,453,/index.py_from_return_msg,0,[],[]
1077,454,/index.py_to_pandas,0,[],[]
1078,455,/index.py_to_ndarray,0,[],[]
1079,456,/index.py_to_list,0,[],[]
1080,457,/index.py_set_dtype,0,[],[]
1081,458,/index.py_register,0,[],[]
1082,459,/index.py_unregister,0,[],[]
1083,460,/index.py_is_registered,0,[],[]
1084,461,/index.py_to_dict,0,[],[]
1085,462,/index.py__check_types,0,[],[]
1086,463,/index.py__merge,0,[],[]
1087,464,/index.py__merge_all,0,[],[]
1088,465,/index.py__check_aligned,0,[],[]
1089,466,/index.py_argsort,0,[],[]
1090,467,/index.py_concat,0,[],[]
1091,468,/index.py_lookup,0,[],[]
1092,469,/index.py_to_hdf,0,[],[]
1093,470,/index.py_update_hdf,0,[],[]
1094,471,/index.py_to_parquet,0,[],[]
1095,472,/index.py_to_csv,0,[],[]
1096,473,/index.py_save,0,[],[]
1097,474,/index.py_append,0,[],[]
1098,475,/index.py__concat,0,[],[]
1099,476,/index.py___init__,0,[],[]
1100,477,/index.py___getitem__,0,[],[]
1101,478,/index.py___repr__,0,[],[]
1102,479,/index.py___len__,0,[],[]
1103,450,/index.py_names,0,[],[]
1104,449,/index.py_ndim,0,[],[]
1105,448,/index.py_shape,0,[],[]
1106,432,/pdarraysetops.py__in1d_single,0,[],[]
1107,140,/strings.py__empty_pattern_verification,0,[],[]
1108,139,/strings.py_purge_cached_regex_patterns,0,[],[]
1109,421,/pdarraycreation.py__full_string,0,[],[]
1110,422,/pdarraycreation.py_zeros_like,0,[],[]
1111,423,/pdarraycreation.py_ones_like,0,[],[]
1112,424,/pdarraycreation.py_full_like,0,[],[]
1113,138,/strings.py_cached_regex_patterns,0,[],[]
1114,137,/strings.py_strip,0,[],[]
1115,427,/pdarraycreation.py_randint,0,[],[]
1116,428,/pdarraycreation.py_uniform,0,[],[]
1117,429,/pdarraycreation.py_standard_normal,0,[],[]
1118,430,/pdarraycreation.py_random_strings_uniform,0,[],[]
1119,431,/pdarraycreation.py_random_strings_lognormal,0,[],[]
1120,433,/pdarraysetops.py_in1d,0,[],[]
1121,447,/index.py_index,0,[],[]
1122,434,/pdarraysetops.py_in1dmulti,0,[],[]
1123,435,/pdarraysetops.py_indexof1d,0,[],[]
1124,436,/pdarraysetops.py_concatenate,0,[],[]
1125,437,/pdarraysetops.py_multiarray_setop_validation,0,[],[]
1126,438,/pdarraysetops.py_union1d,0,[],[]
1127,439,/pdarraysetops.py_intersect1d,0,[],[]
1128,440,/pdarraysetops.py_setdiff1d,0,[],[]
1129,441,/pdarraysetops.py_setxor1d,0,[],[]
1130,442,/index.py___init__,0,[],[]
1131,443,/index.py___getitem__,0,[],[]
1132,444,/index.py___repr__,0,[],[]
1133,445,/index.py___len__,0,[],[]
1134,446,/index.py___eq__,0,[],[]
1135,480,/index.py___eq__,0,[],[]
1136,482,/index.py_to_pandas,0,[],[]
1137,545,/numeric.py__trig_helper,0,[],[]
1138,483,/index.py_set_dtype,0,[],[]
1139,516,/numeric.py_floor,0,[],[]
1140,517,/numeric.py_round,0,[],[]
1141,518,/numeric.py_trunc,0,[],[]
1142,519,/numeric.py_sign,0,[],[]
1143,520,/numeric.py_isfinite,0,[],[]
1144,521,/numeric.py_isinf,0,[],[]
1145,522,/numeric.py_isnan,0,[],[]
1146,133,/strings.py_isalpha,0,[],[]
1147,524,/numeric.py_log10,0,[],[]
1148,525,/numeric.py_log2,0,[],[]
1149,526,/numeric.py_log1p,0,[],[]
1150,527,/numeric.py_exp,0,[],[]
1151,528,/numeric.py_expm1,0,[],[]
1152,529,/numeric.py_square,0,[],[]
1153,530,/numeric.py_cumsum,0,[],[]
1154,531,/numeric.py_cumprod,0,[],[]
1155,532,/numeric.py_sin,0,[],[]
1156,533,/numeric.py_cos,0,[],[]
1157,534,/numeric.py_tan,0,[],[]
1158,535,/numeric.py_arcsin,0,[],[]
1159,536,/numeric.py_arccos,0,[],[]
1160,537,/numeric.py_arctan,0,[],[]
1161,538,/numeric.py_arctan2,0,[],[]
1162,539,/numeric.py_sinh,0,[],[]
1163,540,/numeric.py_cosh,0,[],[]
1164,541,/numeric.py_tanh,0,[],[]
1165,542,/numeric.py_arcsinh,0,[],[]
1166,543,/numeric.py_arccosh,0,[],[]
1167,544,/numeric.py_arctanh,0,[],[]
1168,515,/numeric.py_ceil,0,[],[]
1169,514,/numeric.py_abs,0,[],[]
1170,134,/strings.py_isdigit,0,[],[]
1171,497,/index.py_get_objs_combined_axis,0,[],[]
1172,136,/strings.py_isspace,0,[],[]
1173,485,/index.py_to_list,0,[],[]
1174,486,/index.py_register,0,[],[]
1175,487,/index.py_unregister,0,[],[]
1176,488,/index.py_is_registered,0,[],[]
1177,489,/index.py_to_dict,0,[],[]
1178,490,/index.py__merge,0,[],[]
1179,491,/index.py__merge_all,0,[],[]
1180,492,/index.py_argsort,0,[],[]
1181,493,/index.py_concat,0,[],[]
1182,494,/index.py_lookup,0,[],[]
1183,495,/index.py_to_hdf,0,[],[]
1184,496,/index.py_update_hdf,0,[],[]
1185,498,/index.py__get_distinct_objs,0,[],[]
1186,512,/join.py_inner_join,0,[],[]
1187,499,/index.py__get_combined_index,0,[],[]
1188,500,/index.py_union_indexes,0,[],[]
1189,501,/index.py__unique_indices,0,[],[]
1190,502,/index.py_conv,0,[],[]
1191,503,/index.py__find_common_index_dtype,0,[],[]
1192,504,/index.py__sanitize_and_check,0,[],[]
1193,505,/index.py_all_indexes_same,0,[],[]
1194,506,/index.py_default_index,0,[],[]
1195,507,/index.py_ensure_index,0,[],[]
1196,508,/index.py_get_unanimous_names,0,[],[]
1197,135,/strings.py_isempty,0,[],[]
1198,510,/join.py_gen_ranges,0,[],[]
1199,511,/join.py_compute_join_size,0,[],[]
1200,600,/pdarrayclass.py_unescape,0,[],[]
